{"timeout":5,"request limit":1,"ordering":"random","average depth":13.899183,"average branching":3.803815,"walker":{"C":3.000000,"acquired amount":288},"not accepted":31,"reporter":{"frequency":0.100000,"acquired times":[4,8,12,16,20,25,29,32,36,42,48,54,60,66,75,80,89,96,105,113,120,129,135,140,147,152,158,163,169,172,179,185,188,193,197,200,209,213,219,225,232,237,245,250,255,263,265,273,279,287]}}