{"timeout":180,"request limit":10,"ordering":"random","average depth":10.793695,"average branching":3.590586,"walker":{"C":8.000000,"acquired amount":9840},"not accepted":0,"reporter":{"frequency":1.800000,"acquired times":[413,854,1277,1693,2133,2533,2906,3272,3608,3923,4253,4538,4802,5035,5273,5540,5709,5915,6121,6318,6472,6641,6786,6912,7030,7184,7307,7410,7514,7622,7744,7828,7916,7994,8089,8170,8234,8309,8394,8476,8533,8595,8661,8720,8773,8830,8878,8930,8966,9008,9054,9090,9131,9163,9211,9252,9272,9292,9316,9355,9371,9394,9422,9454,9473,9485,9502,9525,9543,9565,9584,9597,9609,9628,9651,9664,9678,9690,9698,9709,9721,9730,9743,9750,9757,9762,9769,9778,9787,9795,9801,9806,9809,9817,9821,9829,9833,9837]}}